{
  "name": "accept-a-payment",
  "configureDotEnv": true,
  "integrations": [
    {
      "name": "payment-element",
      "clients": ["html", "react-cra"],
      "servers": [
        "ruby",
        "node",
        "python",
        "php",
        "java",
        "go",
        "dotnet",
        "node-typescript"
      ]
    },
    {
      "name": "prebuilt-checkout-page",
      "clients": ["html", "react-cra", "vue-cva"],
      "servers": [
        "ruby",
        "node",
        "python",
        "php",
        "java",
        "go",
        "dotnet"
      ]
    },
    {
      "name": "custom-payment-flow",
      "clients": ["html", "react-cra", "ios", "android-kotlin", "ios-swiftui"],
      "servers": [
        "ruby",
        "node",
        "python",
        "php",
        "java",
        "go",
        "dotnet",
        "node-typescript"
      ]
    }
  ]
}
